depends_on,section:10,section:20,section:30,section:40,section:100,section:200,section:300,section:310,section:400,section:410,missing:900
section:10,0,0,0,0,0,0,1,1,0,0,1
section:20,0,0,1,0,0,0,0,0,0,0,0
section:30,0,0,0,0,0,0,0,0,0,0,0
section:40,0,0,0,0,0,0,0,0,0,0,0
section:100,0,0,0,0,0,0,0,0,0,0,0
section:200,0,0,0,0,0,0,0,0,0,0,0
section:300,0,0,0,0,0,0,0,1,0,0,1
section:310,0,0,0,0,0,0,0,0,0,0,0
section:400,0,0,0,0,0,0,0,0,1,1,0
section:410,0,0,0,0,0,0,0,0,1,1,0
missing:900,0,0,0,0,0,0,0,0,0,0,0
